date,repo,stars,forks,open_issues,health_score,language
2026-09-11,learning,0,0,0,,Unknown
2026-09-11,daily-bot,1,0,0,,Shell
2026-09-11,Jarvis,2,0,0,,Python
2026-09-11,learning-agent,0,0,0,,Python
2026-09-11,AI-Verification-Agent,2,0,0,,Python
2026-09-11,LeetCode,0,0,0,,Java
2026-09-11,microfinance,0,0,0,,Shell
2026-09-11,LogisticsShippingRates,0,0,0,,Python
2026-09-11,testrep,0,0,0,,Unknown
2026-09-11,Param96,1,0,0,,JavaScript
2026-09-11,testrepo,0,0,1,,Unknown
2026-09-11,param-portfolio-2026,0,0,0,,Unknown
2026-09-12,learning,0,0,0,,Unknown
2026-09-12,daily-bot,1,0,0,,Shell
2026-09-12,Jarvis,2,0,0,,Python
2026-09-12,learning-agent,0,0,0,,Python
2026-09-12,AI-Verification-Agent,2,0,0,,Python
2026-09-12,LeetCode,0,0,0,,Java
2026-09-12,LogisticsShippingRates,0,0,0,,Python
2026-09-12,microfinance,0,0,0,,Shell
2026-09-12,Param96,1,0,0,,JavaScript
2026-09-12,testrep,0,0,0,,Unknown
2026-09-12,testrepo,0,0,1,,Unknown
2026-09-12,param-portfolio-2026,2,0,0,,TypeScript
2026-09-13,learning,0,0,0,,Unknown
2026-09-13,daily-bot,1,0,0,,Shell
2026-09-13,Jarvis,2,0,0,,Python
2026-09-13,AI-Verification-Agent,2,0,0,,Python
2026-09-13,LeetCode,0,0,0,,Java
2026-09-13,learning-agent,0,0,0,,Python
2026-09-13,LogisticsShippingRates,0,0,0,,Python
2026-09-13,microfinance,0,0,0,,Shell
2026-09-13,Param96,1,0,0,,JavaScript
2026-09-13,testrep,0,0,0,,Unknown
2026-09-13,testrepo,0,0,1,,Unknown
2026-09-13,param-portfolio-2026,0,0,0,,Unknown
2026-09-14,learning,0,0,0,,Unknown
2026-09-14,daily-bot,1,0,0,,Shell
2026-09-14,Jarvis,2,0,0,,Python
2026-09-14,AI-Verification-Agent,2,0,0,,Python
2026-09-14,learning-agent,0,0,0,,Python
2026-09-14,LeetCode,0,0,0,,Java
2026-09-14,LogisticsShippingRates,0,0,0,,Python
2026-09-14,microfinance,0,0,0,,Shell
2026-09-14,Param96,1,0,0,,JavaScript
2026-09-14,testrep,0,0,0,,Unknown
2026-09-14,testrepo,0,0,1,,Unknown
2026-09-14,param-portfolio-2026,0,0,0,,Unknown
2026-09-15,learning,0,0,0,,Unknown
2026-09-15,daily-bot,1,0,0,,Shell
2026-09-15,Jarvis,2,0,0,,Python
2026-09-15,AI-Verification-Agent,2,0,0,,Python
2026-09-15,learning-agent,0,0,0,,Python
2026-09-15,LeetCode,0,0,0,,Java
2026-09-15,LogisticsShippingRates,0,0,0,,Python
2026-09-15,microfinance,0,0,0,,Shell
2026-09-15,Param96,1,0,0,,JavaScript
2026-09-15,testrep,0,0,0,,Unknown
2026-09-15,testrepo,0,0,1,,Unknown
2026-09-15,param-portfolio-2026,0,0,0,,Unknown
2026-09-16,learning,0,0,0,,Unknown
2026-09-16,daily-bot,1,0,0,,Shell
2026-09-16,Jarvis,2,0,0,,Python
2026-09-16,AI-Verification-Agent,2,0,0,,Python
2026-09-16,learning-agent,0,0,0,,Python
2026-09-16,LeetCode,0,0,0,,Java
2026-09-16,LogisticsShippingRates,0,0,0,,Python
2026-09-16,microfinance,0,0,0,,Shell
2026-09-16,Param96,1,0,0,,JavaScript
2026-09-16,testrep,0,0,0,,Unknown
2026-09-16,testrepo,0,0,1,,Unknown
2026-09-16,param-portfolio-2026,2,0,0,,TypeScript
2026-09-17,learning,0,0,0,,Unknown
2026-09-17,daily-bot,1,0,0,,Shell
2026-09-17,Jarvis,2,0,0,,Python
2026-09-17,AI-Verification-Agent,2,0,0,,Python
2026-09-17,learning-agent,0,0,0,,Python
2026-09-17,LeetCode,0,0,0,,Java
2026-09-17,LogisticsShippingRates,0,0,0,,Python
2026-09-17,microfinance,0,0,0,,Shell
2026-09-17,Param96,1,0,0,,JavaScript
2026-09-17,testrep,0,0,0,,Unknown
2026-09-17,testrepo,0,0,1,,Unknown
2026-09-17,param-portfolio-2026,2,0,0,,TypeScript
2026-09-18,learning,0,0,0,,Unknown
2026-09-18,daily-bot,1,0,0,,Shell
2026-09-18,Jarvis,2,0,0,,Python
2026-09-18,AI-Verification-Agent,2,0,0,,Python
2026-09-18,learning-agent,0,0,0,,Python
2026-09-18,LeetCode,0,0,0,,Java
2026-09-18,LogisticsShippingRates,0,0,0,,Python
2026-09-18,microfinance,0,0,0,,Shell
2026-09-18,Param96,1,0,0,,JavaScript
2026-09-18,testrep,0,0,0,,Unknown
2026-09-18,testrepo,0,0,1,,Unknown
2026-09-18,param-portfolio-2026,0,0,0,,Unknown
2026-09-19,daily-bot,1,0,0,,Shell
2026-09-19,learning,0,0,0,,Unknown
2026-09-19,Jarvis,2,0,0,,Python
2026-09-19,AI-Verification-Agent,2,0,0,,Python
2026-09-19,LogisticsShippingRates,0,0,0,,Python
2026-09-19,LeetCode,0,0,0,,Java
2026-09-19,learning-agent,0,0,0,,Python
2026-09-19,microfinance,0,0,0,,Shell
2026-09-19,Param96,1,0,0,,JavaScript
2026-09-19,testrep,0,0,0,,Unknown
2026-09-19,testrepo,0,0,1,,Unknown
2026-09-19,param-portfolio-2026,2,0,0,,TypeScript
2026-09-20,learning,0,0,0,,Unknown
2026-09-20,daily-bot,1,0,0,,Shell
2026-09-20,Jarvis,2,0,0,,Python
2026-09-20,AI-Verification-Agent,2,0,0,,Python
2026-09-20,learning-agent,0,0,0,,Python
2026-09-20,LogisticsShippingRates,0,0,0,,Python
2026-09-20,LeetCode,0,0,0,,Java
2026-09-20,microfinance,0,0,0,,Shell
2026-09-20,Param96,1,0,0,,JavaScript
2026-09-20,testrep,0,0,0,,Unknown
2026-09-20,testrepo,0,0,1,,Unknown
2026-09-20,param-portfolio-2026,0,0,0,,Unknown
2026-09-21,daily-bot,1,0,0,,Shell
2026-09-21,learning,0,0,0,,Unknown
2026-09-21,Jarvis,2,0,0,,Python
2026-09-21,AI-Verification-Agent,2,0,0,,Python
2026-09-21,learning-agent,0,0,0,,Python
2026-09-21,LeetCode,0,0,0,,Java
2026-09-21,LogisticsShippingRates,0,0,0,,Python
2026-09-21,microfinance,0,0,0,,Shell
2026-09-21,Param96,1,0,0,,JavaScript
2026-09-21,testrep,0,0,0,,Unknown
2026-09-21,testrepo,0,0,1,,Unknown
2026-09-21,param-portfolio-2026,2,0,0,,TypeScript
2026-09-22,learning,0,0,0,,Unknown
2026-09-22,daily-bot,1,0,0,,Shell
2026-09-22,Jarvis,2,0,0,,Python
2026-09-22,AI-Verification-Agent,2,0,0,,Python
2026-09-22,learning-agent,0,0,0,,Python
2026-09-22,LeetCode,0,0,0,,Java
2026-09-22,LogisticsShippingRates,0,0,0,,Python
2026-09-22,microfinance,0,0,0,,Shell
2026-09-22,Param96,1,0,0,,JavaScript
2026-09-22,testrep,0,0,0,,Unknown
2026-09-22,testrepo,0,0,1,,Unknown
2026-09-22,param-portfolio-2026,2,0,0,,TypeScript
2026-09-23,learning,0,0,0,,Unknown
2026-09-23,daily-bot,1,0,0,,Shell
2026-09-23,Jarvis,2,0,0,,Python
2026-09-23,AI-Verification-Agent,2,0,0,,Python
2026-09-23,learning-agent,0,0,0,,Python
2026-09-23,LogisticsShippingRates,0,0,0,,Python
2026-09-23,LeetCode,0,0,0,,Java
2026-09-23,microfinance,0,0,0,,Shell
2026-09-23,Param96,1,0,0,,JavaScript
2026-09-23,testrep,0,0,0,,Unknown
2026-09-23,testrepo,0,0,1,,Unknown
2026-09-23,param-portfolio-2026,2,0,0,,TypeScript
2026-09-25,learning,0,0,0,,Unknown
2026-09-25,daily-bot,1,0,0,,Shell
2026-09-25,Jarvis,2,0,0,,Python
2026-09-25,AI-Verification-Agent,2,0,0,,Python
2026-09-25,learning-agent,0,0,0,,Python
2026-09-25,LeetCode,0,0,0,,Java
2026-09-25,LogisticsShippingRates,0,0,0,,Python
2026-09-25,microfinance,0,0,0,,Shell
2026-09-25,Param96,1,0,0,,JavaScript
2026-09-25,testrep,0,0,0,,Unknown
2026-09-25,testrepo,0,0,1,,Unknown
2026-09-25,param-portfolio-2026,2,0,0,,TypeScript
2026-09-26,learning,0,0,0,,Unknown
2026-09-26,daily-bot,1,0,0,,Shell
2026-09-26,Jarvis,2,0,0,,Python
2026-09-26,AI-Verification-Agent,2,0,0,,Python
2026-09-26,learning-agent,0,0,0,,Python
2026-09-26,LeetCode,0,0,0,,Java
2026-09-26,LogisticsShippingRates,0,0,0,,Python
2026-09-26,microfinance,0,0,0,,Shell
2026-09-26,Param96,1,0,0,,JavaScript
2026-09-26,testrep,0,0,0,,Unknown
2026-09-26,testrepo,0,0,1,,Unknown
2026-09-26,param-portfolio-2026,2,0,0,,TypeScript
2026-09-27,learning,0,0,0,,Unknown
2026-09-27,daily-bot,1,0,0,,Shell
2026-09-27,Jarvis,2,0,0,,Python
2026-09-27,AI-Verification-Agent,2,0,0,,Python
2026-09-27,learning-agent,0,0,0,,Python
2026-09-27,LeetCode,0,0,0,,Java
2026-09-27,LogisticsShippingRates,0,0,0,,Python
2026-09-27,microfinance,0,0,0,,Shell
2026-09-27,Param96,1,0,0,,JavaScript
2026-09-27,testrep,0,0,0,,Unknown
2026-09-27,testrepo,0,0,1,,Unknown
2026-09-27,param-portfolio-2026,0,0,0,,Unknown
2026-09-28,learning,0,0,0,,Unknown
2026-09-28,daily-bot,1,0,0,,Shell
2026-09-28,Jarvis,2,0,0,,Python
2026-09-28,AI-Verification-Agent,2,0,0,,Python
2026-09-28,learning-agent,0,0,0,,Python
2026-09-28,LeetCode,0,0,0,,Java
2026-09-28,LogisticsShippingRates,0,0,0,,Python
2026-09-28,microfinance,0,0,0,,Shell
2026-09-28,Param96,1,0,0,,JavaScript
2026-09-28,testrep,0,0,0,,Unknown
2026-09-28,testrepo,0,0,1,,Unknown
2026-09-28,param-portfolio-2026,2,0,0,,TypeScript
2026-09-29,learning,0,0,0,,Unknown
2026-09-29,daily-bot,1,0,0,,Shell
2026-09-29,Jarvis,2,0,0,,Python
2026-09-29,AI-Verification-Agent,2,0,0,,Python
2026-09-29,LeetCode,0,0,0,,Java
2026-09-29,learning-agent,0,0,0,,Python
2026-09-29,LogisticsShippingRates,0,0,0,,Python
2026-09-29,microfinance,0,0,0,,Shell
2026-09-29,Param96,1,0,0,,JavaScript
2026-09-29,testrep,0,0,0,,Unknown
2026-09-29,testrepo,0,0,1,,Unknown
2026-09-29,param-portfolio-2026,0,0,0,,Unknown
2026-09-30,learning,0,0,0,,Unknown
2026-09-30,daily-bot,1,0,0,,Shell
2026-09-30,Jarvis,2,0,0,,Python
2026-09-30,AI-Verification-Agent,2,0,0,,Python
2026-09-30,learning-agent,0,0,0,,Python
2026-09-30,LeetCode,0,0,0,,Java
2026-09-30,LogisticsShippingRates,0,0,0,,Python
2026-09-30,microfinance,0,0,0,,Shell
2026-09-30,Param96,1,0,0,,JavaScript
2026-09-30,testrep,0,0,0,,Unknown
2026-09-30,testrepo,0,0,1,,Unknown
2026-09-30,param-portfolio-2026,2,0,0,,TypeScript
2026-10-01,learning,0,0,0,,Unknown
2026-10-01,daily-bot,1,0,0,,Shell
2026-10-01,Jarvis,2,0,0,,Python
2026-10-01,AI-Verification-Agent,2,0,0,,Python
2026-10-01,learning-agent,0,0,0,,Python
2026-10-01,LeetCode,0,0,0,,Java
2026-10-01,LogisticsShippingRates,0,0,0,,Python
2026-10-01,microfinance,0,0,0,,Shell
2026-10-01,Param96,1,0,0,,JavaScript
2026-10-01,testrep,0,0,0,,Unknown
2026-10-01,testrepo,0,0,1,,Unknown
2026-10-01,param-portfolio-2026,2,0,1,,TypeScript
2026-10-01,learning,0,0,0,,Unknown
2026-10-01,daily-bot,1,0,0,,Shell
2026-10-01,Jarvis,2,0,0,,Python
2026-10-01,AI-Verification-Agent,2,0,0,,Python
2026-10-01,LeetCode,0,0,0,,Java
2026-10-01,learning-agent,0,0,0,,Python
2026-10-01,LogisticsShippingRates,0,0,0,,Python
2026-10-01,microfinance,0,0,0,,Shell
2026-10-01,Param96,1,0,0,,JavaScript
2026-10-01,testrep,0,0,0,,Unknown
2026-10-01,testrepo,0,0,1,,Unknown
2026-10-01,param-portfolio-2026,0,0,0,,Unknown
2026-10-02,learning,0,0,0,,Unknown
2026-10-02,daily-bot,1,0,0,,Shell
2026-10-02,Jarvis,2,0,0,,Python
2026-10-02,AI-Verification-Agent,2,0,0,,Python
2026-10-02,learning-agent,0,0,0,,Python
2026-10-02,LeetCode,0,0,0,,Java
2026-10-02,LogisticsShippingRates,0,0,0,,Python
2026-10-02,microfinance,0,0,0,,Shell
2026-10-02,Param96,1,0,0,,JavaScript
2026-10-02,testrep,0,0,0,,Unknown
2026-10-02,testrepo,0,0,1,,Unknown
2026-10-02,param-portfolio-2026,2,0,1,,TypeScript
2026-10-02,daily-bot,1,0,0,,Shell
2026-10-02,learning,0,0,0,,Unknown
2026-10-02,Jarvis,2,0,0,,Python
2026-10-02,AI-Verification-Agent,2,0,0,,Python
2026-10-02,LeetCode,0,0,0,,Java
2026-10-02,learning-agent,0,0,0,,Python
2026-10-02,LogisticsShippingRates,0,0,0,,Python
2026-10-02,microfinance,0,0,0,,Shell
2026-10-02,Param96,1,0,0,,JavaScript
2026-10-02,testrep,0,0,0,,Unknown
2026-10-02,testrepo,0,0,1,,Unknown
2026-10-02,param-portfolio-2026,2,0,1,,TypeScript
2026-10-02,learning,0,0,0,,Unknown
2026-10-02,daily-bot,1,0,0,,Shell
2026-10-02,Jarvis,2,0,0,,Python
2026-10-02,AI-Verification-Agent,2,0,0,,Python
2026-10-02,LeetCode,0,0,0,,Java
2026-10-02,LogisticsShippingRates,0,0,0,,Python
2026-10-02,learning-agent,0,0,0,,Python
2026-10-02,microfinance,0,0,0,,Shell
2026-10-02,Param96,1,0,0,,JavaScript
2026-10-02,testrep,0,0,0,,Unknown
2026-10-02,testrepo,0,0,1,,Unknown
2026-10-03,param-portfolio-2026,2,0,1,,TypeScript
2026-10-03,learning,0,0,0,,Unknown
2026-10-03,daily-bot,1,0,0,,Shell
2026-10-03,Jarvis,2,0,0,,Python
2026-10-03,AI-Verification-Agent,2,0,0,,Python
2026-10-03,learning-agent,0,0,0,,Python
2026-10-03,LeetCode,0,0,0,,Java
2026-10-03,LogisticsShippingRates,0,0,0,,Python
2026-10-03,microfinance,0,0,0,,Shell
2026-10-03,Param96,1,0,0,,JavaScript
2026-10-03,testrep,0,0,0,,Unknown
2026-10-03,testrepo,0,0,1,,Unknown
2026-10-03,param-portfolio-2026,0,0,0,,Unknown
2026-10-03,learning,0,0,0,,Unknown
2026-10-03,daily-bot,1,0,0,,Shell
2026-10-03,Jarvis,2,0,0,,Python
2026-10-03,AI-Verification-Agent,2,0,0,,Python
2026-10-03,learning-agent,0,0,0,,Python
2026-10-03,LeetCode,0,0,0,,Java
2026-10-03,LogisticsShippingRates,0,0,0,,Python
2026-10-03,microfinance,0,0,0,,Shell
2026-10-03,Param96,1,0,0,,JavaScript
2026-10-03,testrep,0,0,0,,Unknown
2026-10-03,testrepo,0,0,1,,Unknown
2026-10-03,param-portfolio-2026,2,0,0,,TypeScript
2026-10-03,learning,0,0,0,,Unknown
2026-10-03,daily-bot,1,0,0,,Shell
2026-10-03,Jarvis,2,0,0,,Python
2026-10-03,AI-Verification-Agent,2,0,0,,Python
2026-10-03,learning-agent,0,0,0,,Python
2026-10-03,LeetCode,0,0,0,,Java
2026-10-03,LogisticsShippingRates,0,0,0,,Python
2026-10-03,microfinance,0,0,0,,Shell
2026-10-03,Param96,1,0,0,,JavaScript
2026-10-03,testrep,0,0,0,,Unknown
2026-10-03,testrepo,0,0,1,,Unknown
2026-10-03,param-portfolio-2026,2,0,0,,TypeScript
2026-10-03,learning,0,0,0,,Unknown
2026-10-03,daily-bot,1,0,0,,Shell
2026-10-03,Jarvis,2,0,0,,Python
2026-10-03,AI-Verification-Agent,2,0,0,,Python
2026-10-03,learning-agent,0,0,0,,Python
2026-10-03,LeetCode,0,0,0,,Java
2026-10-03,LogisticsShippingRates,0,0,0,,Python
2026-10-03,microfinance,0,0,0,,Shell
2026-10-03,Param96,1,0,0,,JavaScript
2026-10-03,testrep,0,0,0,,Unknown
2026-10-03,testrepo,0,0,1,,Unknown
2026-10-03,param-portfolio-2026,0,0,0,,Unknown
2026-10-04,learning,0,0,0,,Unknown
2026-10-04,daily-bot,1,0,0,,Shell
2026-10-04,Jarvis,2,0,0,,Python
2026-10-04,AI-Verification-Agent,2,0,0,,Python
2026-10-04,learning-agent,0,0,0,,Python
2026-10-04,LeetCode,0,0,0,,Java
2026-10-04,LogisticsShippingRates,0,0,0,,Python
2026-10-04,microfinance,0,0,0,,Shell
2026-10-04,Param96,1,0,0,,JavaScript
2026-10-04,testrep,0,0,0,,Unknown
2026-10-04,testrepo,0,0,1,,Unknown
2026-10-04,param-portfolio-2026,2,0,0,,TypeScript
2026-10-04,learning,0,0,0,,Unknown
2026-10-04,daily-bot,1,0,0,,Shell
2026-10-04,Jarvis,2,0,0,,Python
2026-10-04,AI-Verification-Agent,2,0,0,,Python
2026-10-04,learning-agent,0,0,0,,Python
2026-10-04,LeetCode,0,0,0,,Java
2026-10-04,LogisticsShippingRates,0,0,0,,Python
2026-10-04,microfinance,0,0,0,,Shell
2026-10-04,Param96,1,0,0,,JavaScript
2026-10-04,testrep,0,0,0,,Unknown
2026-10-04,testrepo,0,0,1,,Unknown
2026-10-04,param-portfolio-2026,0,0,0,,Unknown
2026-10-04,learning,0,0,0,,Unknown
2026-10-04,daily-bot,1,0,0,,Shell
2026-10-04,Jarvis,2,0,0,,Python
2026-10-04,AI-Verification-Agent,2,0,0,,Python
2026-10-04,LeetCode,0,0,0,,Java
2026-10-04,learning-agent,0,0,0,,Python
2026-10-04,LogisticsShippingRates,0,0,0,,Python
2026-10-04,microfinance,0,0,0,,Shell
2026-10-04,Param96,1,0,0,,JavaScript
2026-10-04,testrep,0,0,0,,Unknown
2026-10-04,testrepo,0,0,1,,Unknown
2026-10-04,param-portfolio-2026,2,0,0,,TypeScript
